{"times":[[31614.057024],[32609.719618],[34163.083709],[33365.06347],[32591.969661],[32090.051917],[31619.064935],[32114.947777],[32000.903676],[31085.826414],[31760.61456],[31176.605927],[31033.328577],[31313.41556],[31704.950076],[31472.849125],[31083.092634],[31131.804897],[31560.699647],[31306.037779],[31437.962465],[31300.236387],[32185.733429],[31724.368197],[31669.501505],[31467.822188],[31946.231066],[31516.059921],[31665.703999],[32172.848567],[32212.588329],[31581.093612],[32045.639935],[32797.488188],[32056.091878],[31566.287372],[31363.945793],[32363.557488],[31530.861869],[31997.195698],[31537.715534],[31274.515453],[31860.536962],[32481.667509],[32172.732004],[32216.751022],[32134.250677],[32233.596679],[32437.222423],[32453.269295]],"costs":[[1152.0265358257438],[1150.070461561819],[1152.1867051283648],[1151.5008969145758],[1149.7679917072605],[1150.4386410305694],[1149.7679917072605],[1149.3901267381398],[1152.1272798326609],[1148.634210859544],[1148.634210859544],[1148.8457135982544],[1148.634210859544],[1148.2563458904233],[1150.6501437692798],[1150.3822749573394],[1148.2563458904233],[1149.7679917072605],[1150.590718473576],[1149.7471453340438],[1149.9814077930378],[1148.2563458904233],[1150.0088146691103],[1151.7850610181752],[1151.725165112108],[1150.7150822462588],[1149.523757206399],[1151.0269603338631],[1151.5160558050559],[1149.603542823917],[1148.634210859544],[1152.1928980561543],[1151.191271373002],[1150.3822749573394],[1152.2992165038715],[1149.7679917072605],[1149.851934017729],[1148.4678486291336],[1149.6842902259614],[1150.5937776960498],[1149.7679917072605],[1151.4691423677564],[1149.9794944459709],[1150.29722077657],[1150.0621551950821],[1148.2563458904233],[1148.0365875602804],[1151.5160558050559],[1149.3901267381398],[1149.9794944459709]]}